P_ID,Permanent_Residence,Current_Residence,Year,Gender,Department,"Q7 =  I remind myself that others only share highlights  on social media, but I still compare my real life to their curated posts?",Q8 = Looking at old posts of myself or other makes me feel like I am not progressing as I should,Q9 = When I see about others posts about achievements or experiences I think about how my life could have been different if I had those opportunities ,Q10 = I feel left out when I see friends post about events I wasn't invited to,Q11 =l often compare myself with others with respect to what l have accomplished in life,social_comparison,social_comparison_level,high_social_comparison,low_social_comparision,medium_social_comparision
1,Arghakhanchi ,Hostel,Fourth,Male,IT,4,4,4,4,4,4,Low,0,1,0
2,Morang,Hostel,First,Male,IT,5,2,4,5,4,4,Low,0,1,0
3,Bajura,Rented room,Second,Male,IT,3,3,2,2,3,2.6,Medium,0,0,1
4,Sindhupalchok,Living with family at home,First,Male,IT,5,4,3,3,4,3.8,Low,0,1,0
5,Dadlendura,Rented room,Fourth,Male,Computer,3,2,2,4,2,2.6,Medium,0,0,1
6,Panchthar,Rented flat or apartment,Third,Male,Computer,4,4,3,2,1,2.8,Medium,0,0,1
7,Lalitpur,Living with family at home,Third,Female,Computer,4,2,2,2,4,2.8,Medium,0,0,1
8,Kathmandu,Living with family at home,Third,Male,Computer,5,4,3,1,3,3.2,Medium,0,0,1
9,Sindhupalchok,Living with family at home,First,Male,IT,5,5,4,5,4,4.6,Low,0,1,0
10,Siraha,Hostel,First,Female,IT,2,2,1,4,2,2.2,High,1,0,0
11,Morang,Hostel,First,Female,IT,2,2,3,4,3,2.8,Medium,0,0,1
12,Lalitpur,Living with family at home,Fourth,Female,Computer,4,4,2,4,4,3.6,Low,0,1,0
13,Lalitpur,Living with family at home,Fourth,Male,Computer,5,5,3,2,5,4,Low,0,1,0
14,Ilam,Rented flat or apartment,Fourth,Male,Computer,1,5,4,4,2,3.2,Medium,0,0,1
15,Gorkha,Rented flat or apartment,Fourth,Female,Computer,4,3,2,3,2,2.8,Medium,0,0,1
16,Accham,Living with family at home,Fourth,Female,IT,4,3,4,5,4,4,Low,0,1,0
17,Parsa,Living with family at home,Fourth,Male,IT,4,4,2,3,2,3,Medium,0,0,1
18,Salyan,Living with family at home,Fourth,Male,Computer,5,5,5,5,5,5,Low,0,1,0
19,Jhapa,Hostel,First,Male,IT,3,3,2,5,4,3.4,Medium,0,0,1
20,Jhapa,Hostel,Second,Male,IT,4,4,2,4,3,3.4,Medium,0,0,1
21,Salyan,Rented room,First,Female,IT,2,2,2,2,2,2,High,1,0,0
22,Palpa,Hostel,First,Male,IT,3,2,2,3,3,2.6,Medium,0,0,1
23,Lalitpur,Living with family at home,First,Male,Computer,1,2,1,1,1,1.2,High,1,0,0
24,Kathmandu,Rented flat or apartment,Fourth,Male,Computer,2,4,1,2,2,2.2,High,1,0,0
25,Kathmandu,Living with family at home,Fourth,Female,Computer,2,2,4,1,1,2,High,1,0,0
26,Arghakhanchi ,Rented room,First,Female,IT,5,1,1,1,5,2.6,Medium,0,0,1
27,Kathmandu,Living with family at home,First,Female,IT,5,1,1,1,5,2.6,Medium,0,0,1
28,Baitadi,Rented room,First,Male,IT,3,4,3,4,2,3.2,Medium,0,0,1
29,Rupandehi,Living with family at home,First,Male,IT,3,3,3,4,5,3.6,Low,0,1,0
30,Lalitpur,Living with family at home,Second,Female,IT,5,1,2,1,2,2.2,High,1,0,0
31,Kathmandu,Living with family at home,Fourth,Male,Computer,3,3,4,4,3,3.4,Medium,0,0,1
32,Rupandehi,Rented flat or apartment,Fourth,Male,Computer,4,5,4,4,5,4.4,Low,0,1,0
33,Rautahat,Living with family at home,Fourth,Female,Computer,3,5,4,4,4,4,Low,0,1,0
34,Kathmandu,Living with family at home,Fourth,Female,Computer,4,2,3,5,3,3.4,Medium,0,0,1
35,Jhapa,Living with family at home,Fourth,Male,Computer,5,3,3,5,2,3.6,Low,0,1,0
36,Sunsari,Hostel,Fourth,Male,Computer,5,4,4,3,5,4.2,Low,0,1,0
37,Dhanusha,Hostel,Fourth,Female,Computer,4,4,3,1,4,3.2,Medium,0,0,1
38,Kavrepalanchok,Living with family at home,Fourth,Male,Computer,5,4,4,4,4,4.2,Low,0,1,0
39,Gulmi,Living with family at home,Third,Male,Computer,5,4,4,3,2,3.6,Low,0,1,0
40,Gulmi,Living with family at home,Third,Male,Computer,3,5,2,4,4,3.6,Low,0,1,0
41,Chitwan,Rented flat or apartment,Third,Male,Computer,5,3,5,4,4,4.2,Low,0,1,0
42,Gulmi,Living with family at home,First,Male,Computer,4,2,4,2,5,3.4,Medium,0,0,1
43,Kapilvastu,Living with relatives or guardians,First,Male,Computer,3,5,2,1,5,3.2,Medium,0,0,1
44,Jhapa,Living with relatives or guardians,First,Female,Computer,3,3,1,2,3,2.4,High,1,0,0
45,Lalitpur,Rented flat or apartment,Third,Female,Computer,5,4,3,4,4,4,Low,0,1,0
46,Kathmandu,Living with family at home,Third,Female,Computer,3,4,3,4,3,3.4,Medium,0,0,1
47,Bhaktapur,Living with family at home,Third,Female,Computer,3,4,5,2,3,3.4,Medium,0,0,1
48,Sunsari,Hostel,Third,Male,Computer,4,3,3,3,3,3.2,Medium,0,0,1
49,Rupandehi,Hostel,Fourth,Male,Computer,4,3,5,3,4,3.8,Low,0,1,0
50,Morang,Rented flat or apartment,Third,Male,Computer,2,5,4,4,4,3.8,Low,0,1,0
51,Sinduli,Living with family at home,First,Male,Computer,5,3,1,5,5,3.8,Low,0,1,0
52,Kathmandu,Living with family at home,Fourth,Male,Computer,3,4,5,5,5,4.4,Low,0,1,0
53,Palpa,Rented room,Fourth,Male,Computer,5,5,5,5,5,5,Low,0,1,0
54,Bhojpur,Living with family at home,Fourth,Female,Computer,2,2,1,1,1,1.4,High,1,0,0
55,Mahottari,Rented flat or apartment,Fourth,Female,Computer,2,4,1,3,1,2.2,High,1,0,0
56,Tehrathum,Living with family at home,Fourth,Male,Computer,3,4,3,2,4,3.2,Medium,0,0,1
57,Dhanusha,Hostel,Fourth,Male,IT,2,2,3,2,3,2.4,High,1,0,0
58,Siraha,Hostel,First,Female,Computer,4,4,2,4,2,3.2,Medium,0,0,1
59,Bhojpur,Living with family at home,First,Female,IT,5,4,3,4,4,4,Low,0,1,0
60,Kapilvastu,Hostel,Fourth,Male,Computer,5,3,4,2,4,3.6,Low,0,1,0
61,parsa,Rented flat or apartment,First,Male,Computer,4,5,2,2,2,3,Medium,0,0,1
62,Makawanpur,Hostel,First,Male,Computer,2,2,2,2,2,2,High,1,0,0
63,Arghakhanchi ,Hostel,First,Male,Computer,5,5,5,5,5,5,Low,0,1,0
64,Kathmandu,Living with family at home,First,Male,Computer,3,3,3,4,3,3.2,Medium,0,0,1
65,Makawanpur,Hostel,First,Male,Computer,3,3,3,4,3,3.2,Medium,0,0,1
66,Lalitpur,Living with family at home,First,Male,Computer,3,4,4,4,4,3.8,Low,0,1,0
67,Dhading,Living with family at home,First,Male,Computer,1,2,1,1,2,1.4,High,1,0,0
68,Rupandehi,Rented room,First,Male,Computer,5,4,3,4,4,4,Low,0,1,0
69,Rupandehi,Living with relatives or guardians,First,Male,Computer,4,2,4,4,4,3.6,Low,0,1,0
70,Sunsari,Living with family at home,First,Male,Computer,5,3,2,3,3,3.2,Medium,0,0,1
71,Mahottari,Rented flat or apartment,First,Male,Computer,5,3,2,5,5,4,Low,0,1,0
72,Lamjung,Living with family at home,First,Male,Computer,3,2,4,2,2,2.6,Medium,0,0,1
73,Baglung,Living with family at home,First,Male,Computer,5,5,5,5,5,5,Low,0,1,0
74,Ilam,Rented room,First,Male,Computer,2,3,2,2,2,2.2,High,1,0,0
75,Gulmi,Rented room,First,Male,Computer,3,1,5,1,5,3,Medium,0,0,1
76,Nawalparasi,Hostel,First,Male,Computer,2,1,2,1,2,1.6,High,1,0,0
77,Dhanusha,Rented room,First,Male,Computer,1,4,1,3,3,2.4,High,1,0,0
78,Dhanusha,Rented flat or apartment,First,Male,Computer,2,2,2,2,3,2.2,High,1,0,0
79,Lalitpur,Living with family at home,First,Female,IT,5,4,4,4,4,4.2,Low,0,1,0
80,Bhaktapur,Living with family at home,First,Male,IT,4,4,4,4,4,4,Low,0,1,0
81,Lalitpur,Living with family at home,Second,Male,IT,3,3,3,3,3,3,Medium,0,0,1
82,Chitwan,Hostel,First,Male,IT,2,4,2,1,2,2.2,High,1,0,0
83,Kailali,Living with family at home,First,Male,IT,1,4,4,3,2,2.8,Medium,0,0,1
84,Dhanusha,Rented room,First,Male,IT,3,5,2,3,3,3.2,Medium,0,0,1
85,Dolakha,Living with family at home,First,Male,Computer,3,3,2,3,4,3,Medium,0,0,1
86,Kathmandu,Living with family at home,First,Male,Computer,3,2,2,3,1,2.2,High,1,0,0
87,Morang,Hostel,First,Male,Computer,3,5,5,5,5,4.6,Low,0,1,0
88,Lalitpur,Living with family at home,First,Female,Computer,3,4,4,4,4,3.8,Low,0,1,0
89,Kathmandu,Living with family at home,First,Male,Computer,2,1,1,2,3,1.8,High,1,0,0
90,Kathmandu,Living with family at home,First,Male,Computer,3,4,4,3,4,3.6,Low,0,1,0
91,Kathmandu,Rented room,First,Male,Computer,5,3,3,3,3,3.4,Medium,0,0,1
92,Morang,Hostel,First,Female,Computer,4,2,3,4,4,3.4,Medium,0,0,1
93,Kathmandu,Living with family at home,First,Male,Computer,3,2,3,4,4,3.2,Medium,0,0,1
94,Kathmandu,Living with family at home,First,Male,Computer,2,3,4,4,2,3,Medium,0,0,1
95,Makawanpur,Living with family at home,First,Male,Computer,2,2,2,1,1,1.6,High,1,0,0
96,Gorkha,Living with family at home,First,Male,IT,5,3,4,4,2,3.6,Low,0,1,0
97,Lalitpur,Rented flat or apartment,First,Female,Computer,3,1,1,2,3,2,High,1,0,0
98,Sarlahi,Living with family at home,Fourth,Female,Computer,3,4,4,2,2,3,Medium,0,0,1
99,Udayapur,Rented room,Third,Male,Computer,5,3,2,4,4,3.6,Low,0,1,0
100,Kanchanpur,Rented flat or apartment,Third,Male,Computer,2,2,2,2,2,2,High,1,0,0
101,Kapilvastu,Rented room,Third,Male,Computer,2,5,2,3,2,2.8,Medium,0,0,1
102,Chitwan,Hostel,Third,Male,IT,2,3,3,2,2,2.4,High,1,0,0
103,Jhapa,Rented flat or apartment,Third,Male,Computer,5,5,5,5,5,5,Low,0,1,0
104,Lalitpur,Living with family at home,Third,Male,Computer,3,3,4,3,2,3,Medium,0,0,1
105,Rupandehi,Living with relatives or guardians,Third,Male,Computer,3,2,2,2,2,2.2,High,1,0,0
106,Lamjung,Living with family at home,Fourth,Male,Computer,5,5,5,5,5,5,Low,0,1,0
107,Surkhet,Living with relatives or guardians,Fourth,Male,Computer,2,2,2,4,1,2.2,High,1,0,0
108,Rupandehi,Hostel,Fourth,Male,Computer,4,3,2,3,5,3.4,Medium,0,0,1
109,Lamjung,Living with family at home,Fourth,Female,Computer,3,2,1,4,3,2.6,Medium,0,0,1
110,Kathmandu,Living with family at home,Fourth,Male,Computer,2,4,4,4,2,3.2,Medium,0,0,1
111,Kavrepalanchok,Living with family at home,Fourth,Male,Computer,4,3,3,3,5,3.6,Low,0,1,0
112,Surkhet,Rented room,Fourth,Male,Computer,2,2,2,2,3,2.2,High,1,0,0
113,Kanchanpur,Rented room,Fourth,Male,Computer,3,4,4,3,4,3.6,Low,0,1,0
114,Dolakha,Living with family at home,Second,Male,Computer,2,3,3,1,3,2.4,High,1,0,0
115,Kathmandu,Living with family at home,Second,Male,Computer,5,5,5,5,5,5,Low,0,1,0
116,Kathmandu,Living with family at home,Second,Female,Computer,2,1,3,3,2,2.2,High,1,0,0
117,Kailali,Rented flat or apartment,Second,Male,Computer,4,4,4,4,3,3.8,Low,0,1,0
118,Kathmandu,Living with family at home,Second,Female,Computer,5,4,3,5,4,4.2,Low,0,1,0
119,Syangja,Rented flat or apartment,Second,Male,Computer,5,5,3,3,4,4,Low,0,1,0
120,Rupandehi,Hostel,Second,Male,Computer,4,2,2,2,3,2.6,Medium,0,0,1
121,Palpa,Hostel,Second,Male,Computer,5,4,3,4,4,4,Low,0,1,0
122,Kathmandu,Living with family at home,Second,Female,Computer,3,2,2,1,2,2,High,1,0,0
123,Tanahun,Rented flat or apartment,Fourth,Male,Computer,3,5,4,5,5,4.4,Low,0,1,0
124,Gulmi,Rented flat or apartment,Second,Male,Computer,5,5,5,5,2,4.4,Low,0,1,0
125,Bardiya,Hostel,Fourth,Male,Computer,3,4,2,2,2,2.6,Medium,0,0,1
126,Dhanusha,Living with family at home,Fourth,Female,Computer,3,2,4,5,3,3.4,Medium,0,0,1
127,Nawalparasi,Rented room,Fourth,Female,Computer,3,3,2,5,3,3.2,Medium,0,0,1
128,Lalitpur,Living with family at home,Fourth,Female,Computer,3,2,3,2,3,2.6,Medium,0,0,1
129,Bhaktapur,Living with family at home,Fourth,Male,Computer,3,4,2,5,2,3.2,Medium,0,0,1
130,Rupandehi,Rented flat or apartment,Fourth,Male,Computer,4,3,2,4,3,3.2,Medium,0,0,1
131,Lalitpur,Living with family at home,Fourth,Female,Computer,5,3,2,4,2,3.2,Medium,0,0,1
132,Kathmandu,Living with family at home,Fourth,Female,Computer,3,4,2,2,2,2.6,Medium,0,0,1
133,Lalitpur,Living with family at home,Fourth,Female,Computer,4,3,2,4,3,3.2,Medium,0,0,1
134,Kathmandu,Rented flat or apartment,Fourth,Male,Computer,2,2,2,4,4,2.8,Medium,0,0,1
135,Panchthar,Living with relatives or guardians,Fourth,Male,Computer,3,4,3,3,2,3,Medium,0,0,1
136,Okhaldhunga,Rented flat or apartment,Fourth,Female,Computer,3,2,3,4,3,3,Medium,0,0,1
137,Morang,Living with relatives or guardians,Third,Male,Computer,2,1,3,2,1,1.8,High,1,0,0
138,Bajhang,Rented room,Third,Male,Computer,1,1,1,5,1,1.8,High,1,0,0
139,Kathmandu,Living with relatives or guardians,Third,Male,Computer,3,2,2,3,4,2.8,Medium,0,0,1
140,Kailali,Rented room,Fourth,Male,Computer,3,5,4,4,4,4,Low,0,1,0
141,Lalitpur,Living with family at home,Fourth,Male,IT,2,2,1,4,3,2.4,High,1,0,0
142,Sarlahi,Rented room,Third,Male,Computer,5,5,2,5,3,4,Low,0,1,0
143,Kaski,Living with family at home,First,Male,IT,4,5,3,4,3,3.8,Low,0,1,0
144,Gulmi,Rented flat or apartment,First,Male,Computer,3,3,3,3,3,3,Medium,0,0,1
145,Kathmandu,Living with family at home,Third,Male,Computer,3,3,2,2,2,2.4,High,1,0,0
146,Jhapa,Living with family at home,Fourth,Female,Computer,5,4,4,4,4,4.2,Low,0,1,0
147,Kathmandu,Living with family at home,First,Male,IT,3,4,3,4,4,3.6,Low,0,1,0
148,Lalitpur,Living with family at home,Fourth,Female,Computer,5,2,3,4,4,3.6,Low,0,1,0
149,Lalitpur,Rented room,Fourth,Male,Computer,5,5,2,3,5,4,Low,0,1,0
150,Kavrepalanchok,Living with family at home,Fourth,Male,Computer,1,3,4,4,5,3.4,Medium,0,0,1
151,Sarlahi,Rented room,Third,Male,Computer,2,4,2,2,2,2.4,High,1,0,0
152,Bajhang,Living with relatives or guardians,First,Male,IT,3,5,3,3,4,3.6,Low,0,1,0
153,Rasuwa,Rented room,Third,Male,Computer,3,2,2,4,2,2.6,Medium,0,0,1
154,Chitwan,Living with family at home,Second,Male,Computer,2,1,3,3,3,2.4,High,1,0,0
155,Gulmi,Rented flat or apartment,Second,Male,Computer,2,3,2,1,2,2,High,1,0,0
156,Sarlahi,Rented room,Third,Male,Computer,3,3,2,4,2,2.8,Medium,0,0,1
157,Dhanusha,Hostel,Fourth,Male,Computer,5,4,4,3,4,4,Low,0,1,0
158,Morang,Hostel,First,Male,IT,1,5,5,1,5,3.4,Medium,0,0,1
159,Mahottari,Rented flat or apartment,First,Female,IT,3,3,3,3,3,3,Medium,0,0,1
160,Jhapa,Living with family at home,Second,Male,IT,5,3,4,3,2,3.4,Medium,0,0,1
161,Okhaldhunga,Rented flat or apartment,Fourth,Male,Computer,5,5,5,5,5,5,Low,0,1,0
162,Ilam,Rented flat or apartment,First,Male,IT,3,5,3,5,5,4.2,Low,0,1,0
163,Jhapa,Hostel,First,Female,IT,4,5,3,2,4,3.6,Low,0,1,0
164,Lalitpur,Living with family at home,First,Male,IT,3,4,2,3,3,3,Medium,0,0,1
165,Kailali,Rented room,First,Female,IT,5,3,5,3,5,4.2,Low,0,1,0
166,Kapilvastu,Rented flat or apartment,Third,Male,Computer,1,4,4,4,3,3.2,Medium,0,0,1
167,Jhapa,Living with relatives or guardians,Third,Male,Computer,5,2,2,3,5,3.4,Medium,0,0,1
168,Palpa,Rented flat or apartment,Third,Female,Computer,3,3,4,5,3,3.6,Low,0,1,0
169,Lalitpur,Living with family at home,Third,Female,Computer,3,4,2,4,4,3.4,Medium,0,0,1
170,Kathmandu,Living with family at home,First,Female,Computer,2,3,1,4,2,2.4,High,1,0,0
171,Rukum,Rented room,Fourth,Male,Computer,3,1,3,3,2,2.4,High,1,0,0
172,Syangja,Rented room,Fourth,Male,Computer,3,4,4,5,3,3.8,Low,0,1,0
173,Chitwan,Hostel,Fourth,Female,Computer,2,4,2,1,2,2.2,High,1,0,0
174,Kailali,Rented room,Fourth,Male,Computer,3,3,3,3,3,3,Medium,0,0,1
175,Rupandehi,Hostel,Fourth,Female,Computer,3,4,2,4,3,3.2,Medium,0,0,1
176,Lalitpur,Living with family at home,Fourth,Male,Computer,2,3,2,3,3,2.6,Medium,0,0,1
177,Morang,Living with family at home,Fourth,Male,Computer,1,1,1,3,1,1.4,High,1,0,0
178,Rupandehi,Hostel,Third,Male,Computer,5,3,1,2,3,2.8,Medium,0,0,1
179,Rupandehi,Rented flat or apartment,Third,Male,Computer,4,3,4,4,4,3.8,Low,0,1,0
180,Kanchanpur,Rented flat or apartment,Third,Male,Computer,2,2,2,2,2,2,High,1,0,0
181,Bara,Rented room,Third,Male,Computer,3,4,2,3,2,2.8,Medium,0,0,1
182,Lalitpur,Living with family at home,First,Male,Computer,4,3,4,3,4,3.6,Low,0,1,0
183,Okhaldhunga,Living with family at home,First,Male,Computer,3,3,4,3,3,3.2,Medium,0,0,1
184,Kathmandu,Living with family at home,First,Female,Computer,3,2,2,2,4,2.6,Medium,0,0,1
185,Lamjung,Living with family at home,Fourth,Female,IT,4,4,3,4,2,3.4,Medium,0,0,1
186,Siraha,Rented room,Fourth,Male,IT,3,2,4,2,4,3,Medium,0,0,1
187,Kathmandu,Living with family at home,First,Female,Computer,5,2,3,3,4,3.4,Medium,0,0,1
188,Lalitpur,Living with family at home,Fourth,Male,Computer,3,2,2,2,2,2.2,High,1,0,0
189,Palpa,Rented room,Fourth,Male,Computer,5,4,3,3,3,3.6,Low,0,1,0
190,Chitwan,Rented flat or apartment,Fourth,Female,Computer,3,3,4,3,2,3,Medium,0,0,1
191,Kathmandu,Living with family at home,Fourth,Male,Computer,5,5,5,5,5,5,Low,0,1,0
192,Mugu,Living with family at home,Fourth,Other,Computer,2,2,2,2,2,2,High,1,0,0
193,Nawalparasi,Rented room,Fourth,Male,Computer,2,3,2,4,2,2.6,Medium,0,0,1
194,Udayapur,Rented room,Fourth,Male,Computer,2,4,1,1,2,2,High,1,0,0
195,Dang,Living with relatives or guardians,Fourth,Male,Computer,3,4,2,3,2,2.8,Medium,0,0,1
196,Lalitpur,Living with family at home,First,Female,Computer,3,1,2,3,2,2.2,High,1,0,0
197,Bara,Living with relatives or guardians,Fourth,Male,Computer,5,5,3,1,3,3.4,Medium,0,0,1
198,Dhanusha,Rented flat or apartment,Fourth,Male,IT,5,5,4,2,2,3.6,Low,0,1,0
199,Dhading,Rented room,Second,Male,Computer,3,3,2,3,4,3,Medium,0,0,1
200,Lalitpur,Living with family at home,Fourth,Other,Computer,2,2,3,3,2,2.4,High,1,0,0
201,Kathmandu,Living with family at home,Third,Male,Computer,5,5,4,5,3,4.4,Low,0,1,0
202,Kanchanpur,Hostel,First,Female,IT,2,4,3,3,3,3,Medium,0,0,1
203,Sankhuwasabha,Rented room,First,Female,IT,3,3,3,4,4,3.4,Medium,0,0,1
204,Kavrepalanchok,Living with family at home,Fourth,Female,Computer,2,1,2,3,2,2,High,1,0,0
205,Rukum,Living with family at home,Fourth,Female,Computer,4,5,4,5,4,4.4,Low,0,1,0
206,Kalikot,Living with relatives or guardians,Fourth,Female,Computer,3,2,3,3,4,3,Medium,0,0,1
207,Kathmandu,Living with family at home,Fourth,Female,Computer,3,2,3,3,4,3,Medium,0,0,1
208,Mahottari,Hostel,Fourth,Male,Computer,3,4,3,3,4,3.4,Medium,0,0,1
209,Bajhang,Rented room,Fourth,Male,Computer,2,4,1,2,3,2.4,High,1,0,0
210,Kathmandu,Living with family at home,First,Male,Computer,3,2,4,4,3,3.2,Medium,0,0,1
211,Lalitpur,Living with family at home,First,Male,Computer,5,4,4,4,4,4.2,Low,0,1,0
212,Bhaktapur,Living with family at home,Fourth,Female,IT,1,1,1,1,4,1.6,High,1,0,0
213,Nawalparasi,Rented room,Third,Male,Computer,3,3,4,4,4,3.6,Low,0,1,0
214,Sunsari,Rented flat or apartment,Third,Male,Computer,4,2,1,2,2,2.2,High,1,0,0
215,Kanchanpur,Rented flat or apartment,Fourth,Male,Computer,5,3,5,5,5,4.6,Low,0,1,0
216,Kathmandu,Rented room,Fourth,Male,Computer,5,5,5,5,3,4.6,Low,0,1,0
217,Kathmandu,Living with family at home,Fourth,Male,Computer,5,5,5,5,4,4.8,Low,0,1,0
218,Sunsari,Rented flat or apartment,Fourth,Male,Computer,5,5,5,5,5,5,Low,0,1,0
219,Sunsari,Rented room,Fourth,Male,Computer,5,5,5,5,5,5,Low,0,1,0
220,Ramechhap,Living with family at home,Fourth,Male,Computer,2,4,1,2,3,2.4,High,1,0,0
221,Lalitpur,Living with family at home,Fourth,Male,Computer,3,2,2,4,2,2.6,Medium,0,0,1
222,Jhapa,Rented room,Fourth,Male,Computer,5,1,1,1,5,2.6,Medium,0,0,1
223,Rautahat,Rented room,Second,Male,Computer,4,4,1,1,5,3,Medium,0,0,1
224,Lalitpur,Living with family at home,Fourth,Male,Computer,5,4,5,5,5,4.8,Low,0,1,0
225,Dang,Rented room,Fourth,Male,Computer,2,4,2,2,3,2.6,Medium,0,0,1
226,Jhapa,Rented room,First,Male,IT,4,4,2,3,3,3.2,Medium,0,0,1
227,Surkhet,Rented room,First,Male,IT,5,4,3,4,2,3.6,Low,0,1,0
228,Kathmandu,Living with family at home,First,Male,IT,3,3,4,4,4,3.6,Low,0,1,0
229,Dhading,Living with family at home,First,Female,IT,3,1,5,5,2,3.2,Medium,0,0,1
230,Salyan,Living with family at home,First,Male,IT,5,5,4,4,2,4,Low,0,1,0
231,Kathmandu,Living with family at home,Fourth,Male,Computer,3,5,4,4,5,4.2,Low,0,1,0
232,Dhanusha,Rented flat or apartment,Second,Male,Computer,4,3,3,3,3,3.2,Medium,0,0,1
233,Bara,Rented flat or apartment,Second,Male,Computer,3,2,3,2,4,2.8,Medium,0,0,1
234,Arghakhanchi ,Rented room,Second,Male,Computer,4,2,3,3,4,3.2,Medium,0,0,1
235,Kapilvastu,Rented room,Second,Male,Computer,3,2,4,4,3,3.2,Medium,0,0,1
236,Saptari,Living with family at home,Second,Male,Computer,4,3,2,4,2,3,Medium,0,0,1
237,Chitwan,Rented flat or apartment,Second,Male,Computer,5,5,2,5,4,4.2,Low,0,1,0
238,Baitadi,Rented room,Second,Male,Computer,2,2,2,2,2,2,High,1,0,0
239,Palpa,Living with family at home,Second,Male,Computer,4,4,4,4,4,4,Low,0,1,0
240,Taplejung,Hostel,Second,Male,Computer,3,2,3,2,1,2.2,High,1,0,0
241,Chitwan,Hostel,Second,Female,Computer,3,3,2,4,2,2.8,Medium,0,0,1
242,Baglung,Rented flat or apartment,Second,Male,Computer,5,5,4,3,5,4.4,Low,0,1,0
243,Chitwan,Rented flat or apartment,Second,Male,Computer,5,3,5,5,5,4.6,Low,0,1,0
244,Nawalparasi,Rented flat or apartment,Second,Male,Computer,5,1,2,5,5,3.6,Low,0,1,0
245,Nawalparasi,Rented flat or apartment,Second,Male,Computer,5,5,4,3,4,4.2,Low,0,1,0
246,Kathmandu,Living with family at home,Second,Male,Computer,4,5,3,4,4,4,Low,0,1,0
247,Kathmandu,Living with family at home,Second,Female,Computer,2,4,3,3,2,2.8,Medium,0,0,1
248,Kanchanpur,Hostel,Second,Male,Computer,3,2,2,3,1,2.2,High,1,0,0
249,Bhaktapur,Living with family at home,Second,Male,Computer,5,5,5,5,5,5,Low,0,1,0
250,Baitadi,Living with family at home,Second,Male,Computer,4,4,3,4,2,3.4,Medium,0,0,1
251,Kathmandu,Living with family at home,Second,Male,Computer,5,4,5,3,4,4.2,Low,0,1,0
252,Kathmandu,Living with family at home,Second,Male,Computer,4,1,4,2,4,3,Medium,0,0,1
253,Jhapa,Rented room,Second,Male,Computer,5,5,3,5,5,4.6,Low,0,1,0
254,Rautahat,Rented room,Second,Male,Computer,3,3,2,3,3,2.8,Medium,0,0,1
255,Sunsari,Hostel,Third,Male,Computer,3,5,1,5,5,3.8,Low,0,1,0
256,Parsa,Hostel,Third,Male,Computer,2,4,2,2,2,2.4,High,1,0,0
257,Surkhet,Rented flat or apartment,Fourth,Male,Computer,2,3,2,3,2,2.4,High,1,0,0
258,Banke,Rented room,Fourth,Male,Computer,2,2,2,4,4,2.8,Medium,0,0,1
259,Surkhet,Rented room,Fourth,Male,Computer,4,4,2,4,5,3.8,Low,0,1,0
260,Sunsari,Living with family at home,Fourth,Male,Computer,3,3,2,2,3,2.6,Medium,0,0,1
261,Lalitpur,Living with family at home,Fourth,Male,Computer,4,3,4,4,3,3.6,Low,0,1,0
262,Lalitpur,Living with family at home,Fourth,Male,Computer,4,3,3,4,3,3.4,Medium,0,0,1
263,Lalitpur,Living with family at home,Fourth,Male,Computer,5,5,5,5,5,5,Low,0,1,0
264,Lalitpur,Living with family at home,Fourth,Male,Computer,2,2,3,3,3,2.6,Medium,0,0,1
265,Dang,Rented room,Fourth,Male,Computer,4,4,2,4,3,3.4,Medium,0,0,1
266,Banke,Rented room,Fourth,Male,Computer,5,5,5,5,5,5,Low,0,1,0
267,Lalitpur,Living with family at home,Fourth,Male,Computer,3,3,1,5,2,2.8,Medium,0,0,1
268,Jhapa,Rented flat or apartment,First,Male,Computer,3,2,2,2,3,2.4,High,1,0,0
269,Parbat,Living with family at home,First,Male,Computer,4,5,4,3,4,4,Low,0,1,0
270,Pyuthan,Rented room,First,Male,Computer,5,5,5,5,5,5,Low,0,1,0
271,Nawalparasi,Rented flat or apartment,Fourth,Male,Computer,5,5,5,5,5,5,Low,0,1,0
272,Kathmandu,Living with family at home,Fourth,Male,Computer,4,4,3,2,2,3,Medium,0,0,1
273,Kathmandu,Living with family at home,First,Male,Computer,4,2,2,4,4,3.2,Medium,0,0,1
274,Gulmi,Living with family at home,First,Male,Computer,5,4,4,5,4,4.4,Low,0,1,0
275,Kavrepalanchok,Hostel,First,Female,Computer,4,4,4,4,5,4.2,Low,0,1,0
276,Lalitpur,Living with family at home,First,Male,Computer,3,3,1,2,2,2.2,High,1,0,0
277,Lalitpur,Living with family at home,Second,Female,Computer,3,2,4,4,3,3.2,Medium,0,0,1
278,Lamjung,Living with family at home,Second,Female,Computer,2,2,3,4,2,2.6,Medium,0,0,1
279,Nawalparasi,Rented room,Fourth,Female,Computer,4,3,2,4,2,3,Medium,0,0,1
280,Arghakhanchi ,Hostel,Second,Female,Computer,2,2,3,2,2,2.2,High,1,0,0
281,Mahottari,Hostel,Second,Female,Computer,3,3,3,3,4,3.2,Medium,0,0,1
282,Parsa,Rented flat or apartment,First,Female,Computer,4,1,2,3,4,2.8,Medium,0,0,1
283,Jhapa,Living with family at home,Fourth,Male,Computer,4,3,4,4,4,3.8,Low,0,1,0
284,Kailali,Rented room,Fourth,Male,Computer,2,3,1,5,4,3,Medium,0,0,1
285,Lalitpur,Rented flat or apartment,Second,Female,IT,3,3,1,1,1,1.8,High,1,0,0
286,Janakpur,Hostel,First,Female,IT,1,4,3,1,1,2,High,1,0,0
287,Kailali,Living with family at home,First,Female,IT,3,3,5,4,4,3.8,Low,0,1,0
288,Kathmandu,Living with family at home,Fourth,Male,Computer,4,3,3,3,3,3.2,Medium,0,0,1
289,Kaski,Living with family at home,Fourth,Male,Computer,1,4,2,4,2,2.6,Medium,0,0,1
290,Dailekh ,Rented room,Second,Male,Computer,5,5,5,5,5,5,Low,0,1,0
291,Jhapa,Rented room,Fourth,Male,Computer,5,4,3,4,5,4.2,Low,0,1,0
292,Udayapur,Rented flat or apartment,Fourth,Female,IT,2,1,1,4,2,2,High,1,0,0
293,Lalitpur,Living with family at home,Second,Male,Computer,3,3,1,3,3,2.6,Medium,0,0,1
294,Banke,Hostel,First,Female,Computer,3,4,2,4,2,3,Medium,0,0,1
295,Chitwan,Hostel,Second,Male,Computer,2,5,1,1,2,2.2,High,1,0,0
296,Lalitpur,Rented room,Fourth,Female,Computer,3,2,3,2,3,2.6,Medium,0,0,1
297,Dhanusha,Rented room,Fourth,Female,IT,3,3,3,5,4,3.6,Low,0,1,0
298,Gulmi,Rented room,First,Male,Computer,4,3,3,2,3,3,Medium,0,0,1
299,Dang,Hostel,Fourth,Female,Computer,3,2,2,4,4,3,Medium,0,0,1
300,Kathmandu,Living with family at home,Fourth,Female,Computer,4,4,4,4,4,4,Low,0,1,0
301,Bara,Rented flat or apartment,Fourth,Male,Computer,2,2,1,2,2,1.8,High,1,0,0
302,Siraha,Rented flat or apartment,Fourth,Male,IT,2,3,2,3,3,2.6,Medium,0,0,1
303,Jhapa,Rented flat or apartment,First,Female,Computer,2,2,2,3,3,2.4,High,1,0,0
304,Kailali,Hostel,First,Male,Computer,4,4,4,4,4,4,Low,0,1,0
305,Nawalparasi,Rented flat or apartment,Fourth,Female,Computer,5,2,4,2,4,3.4,Medium,0,0,1
306,Kanchanpur,Rented flat or apartment,Fourth,Male,IT,4,3,2,2,2,2.6,Medium,0,0,1
307,Baitadi,Living with family at home,Fourth,Male,Computer,3,5,3,2,3,3.2,Medium,0,0,1
308,Lalitpur,Living with family at home,Fourth,Male,Computer,3,4,2,3,3,3,Medium,0,0,1
309,Lalitpur,Living with family at home,Fourth,Male,Computer,3,3,2,3,2,2.6,Medium,0,0,1
310,Parsa,Hostel,Third,Female,Computer,2,2,1,4,3,2.4,High,1,0,0
311,Kathmandu,Living with family at home,Third,Female,Computer,4,4,3,4,4,3.8,Low,0,1,0
312,Dang,Rented flat or apartment,Fourth,Male,Computer,3,3,3,3,2,2.8,Medium,0,0,1
313,Lalitpur,Living with family at home,Fourth,Male,IT,2,2,2,2,2,2,High,1,0,0
314,Lalitpur,Living with family at home,Third,Female,Computer,2,2,1,3,3,2.2,High,1,0,0
315,Parsa,Hostel,First,Female,Computer,3,3,2,3,4,3,Medium,0,0,1
316,Parbat,Hostel,First,Female,IT,5,5,5,5,5,5,Low,0,1,0
317,Morang,Rented flat or apartment,Fourth,Male,IT,4,4,3,3,2,3.2,Medium,0,0,1
318,Lalitpur,Living with family at home,Third,Female,Computer,1,2,2,5,3,2.6,Medium,0,0,1
319,Siraha,Living with family at home,First,Female,IT,1,2,1,3,2,1.8,High,1,0,0
320,Makawanpur,Hostel,First,Male,Computer,4,2,3,3,3,3,Medium,0,0,1
321,Dhading,Rented flat or apartment,Fourth,Male,IT,4,4,3,3,2,3.2,Medium,0,0,1
322,Kaski,Living with family at home,Fourth,Male,Computer,4,4,4,4,4,4,Low,0,1,0
323,Kailali,Hostel,Fourth,Female,Computer,4,4,2,3,3,3.2,Medium,0,0,1
324,Dang,Living with family at home,Fourth,Male,IT,2,3,3,3,2,2.6,Medium,0,0,1
325,Lalitpur,Living with family at home,Fourth,Male,Computer,3,4,3,3,4,3.4,Medium,0,0,1
326,Dolakha,Rented room,Fourth,Male,Computer,5,1,5,4,5,4,Low,0,1,0
327,Lalitpur,Living with family at home,Fourth,Male,Computer,4,3,4,1,3,3,Medium,0,0,1
328,Kathmandu,Living with family at home,Third,Female,Computer,3,1,3,4,3,2.8,Medium,0,0,1
329,Saptari,Living with family at home,Third,Female,Computer,3,4,2,3,4,3.2,Medium,0,0,1
330,Khotang,Hostel,Third,Male,Computer,5,3,3,4,5,4,Low,0,1,0
331,Bhaktapur,Living with family at home,First,Male,Computer,4,3,4,3,1,3,Medium,0,0,1
332,Bhaktapur,Living with family at home,First,Male,Computer,4,4,4,3,3,3.6,Low,0,1,0
333,Sinduli,Rented room,First,Male,Computer,3,2,1,1,2,1.8,High,1,0,0
334,Dang,Rented room,First,Male,Computer,3,5,4,1,2,3,Medium,0,0,1
335,Jhapa,Rented flat or apartment,First,Male,Computer,1,4,2,2,4,2.6,Medium,0,0,1
336,Tanahun,Living with family at home,First,Male,Computer,3,2,2,2,4,2.6,Medium,0,0,1
337,Chitwan,Hostel,First,Male,Computer,4,3,4,4,2,3.4,Medium,0,0,1
338,Ilam,Rented room,Fourth,Male,Computer,3,4,2,4,4,3.4,Medium,0,0,1
339,Udayapur,Rented room,First,Male,IT,2,2,1,3,2,2,High,1,0,0
340,Lalitpur,Living with family at home,First,Female,IT,5,5,5,3,4,4.4,Low,0,1,0
341,Chitwan,Rented flat or apartment,First,Male,IT,4,3,3,4,4,3.6,Low,0,1,0
342,Kaski,Rented flat or apartment,First,Male,IT,5,4,2,4,4,3.8,Low,0,1,0
343,Sinduli,Living with family at home,First,Male,IT,5,5,5,5,5,5,Low,0,1,0
344,Parbat,Living with relatives or guardians,Third,Male,Computer,2,1,3,2,2,2,High,1,0,0
345,Kaski,Living with family at home,Second,Male,Computer,3,3,3,2,4,3,Medium,0,0,1
346,Lalitpur,Living with family at home,Fourth,Male,Computer,5,5,5,5,5,5,Low,0,1,0
347,Kavrepalanchok,Rented flat or apartment,Third,Male,Computer,1,3,1,2,2,1.8,High,1,0,0
348,Janakpur,Living with family at home,First,Female,IT,3,4,2,3,2,2.8,Medium,0,0,1
349,Nawalparasi,Hostel,First,Male,IT,3,2,5,5,4,3.8,Low,0,1,0
350,Syangja,Rented flat or apartment,Fourth,Female,Computer,4,3,3,2,4,3.2,Medium,0,0,1
351,Kanchanpur,Rented room,First,Male,IT,3,4,2,2,3,2.8,Medium,0,0,1
352,Lalitpur,Living with family at home,First,Male,IT,3,2,2,5,3,3,Medium,0,0,1
353,Kailali,Living with family at home,Second,Female,IT,2,2,1,2,2,1.8,High,1,0,0
354,Kathmandu,Living with family at home,Second,Male,IT,3,3,4,4,4,3.6,Low,0,1,0
355,Makawanpur,Hostel,Third,Male,Computer,2,2,4,4,4,3.2,Medium,0,0,1
356,Okhaldhunga,Living with family at home,Third,Male,Computer,3,3,2,3,2,2.6,Medium,0,0,1
357,Chitwan,Rented flat or apartment,Third,Female,Computer,3,2,3,4,5,3.4,Medium,0,0,1
358,Kathmandu,Living with family at home,Third,Male,Computer,4,3,4,2,4,3.4,Medium,0,0,1
359,Lalitpur,Living with family at home,Fourth,Male,Computer,3,5,5,5,5,4.6,Low,0,1,0
360,Kailali,Rented room,Fourth,Male,Computer,5,4,4,5,3,4.2,Low,0,1,0
361,Kathmandu,Living with family at home,Fourth,Male,Computer,2,2,1,4,3,2.4,High,1,0,0
362,Kathmandu,Living with family at home,Third,Male,Computer,5,5,5,5,4,4.8,Low,0,1,0
363,Kathmandu,Living with family at home,Third,Male,Computer,4,5,3,3,4,3.8,Low,0,1,0
364,Jhapa,Rented room,Fourth,Male,Computer,3,5,1,5,2,3.2,Medium,0,0,1
365,Lalitpur,Living with family at home,Third,Female,Computer,3,3,2,3,3,2.8,Medium,0,0,1
366,Kathmandu,Living with family at home,First,Female,Computer,2,2,1,4,2,2.2,High,1,0,0
367,Kanchanpur,Rented room,Third,Male,Computer,2,4,4,3,4,3.4,Medium,0,0,1
368,Nawalparasi,Hostel,Third,Male,Computer,4,4,2,3,3,3.2,Medium,0,0,1
369,Kathmandu,Living with family at home,Third,Male,Computer,3,2,2,4,3,2.8,Medium,0,0,1
370,Kathmandu,Living with family at home,Third,Female,Computer,4,2,3,3,2,2.8,Medium,0,0,1
371,Kathmandu,Living with family at home,Third,Male,Computer,5,2,1,1,2,2.2,High,1,0,0
372,Kailali,Rented room,First,Male,Computer,3,4,3,4,5,3.8,Low,0,1,0
373,Dhanusha,Rented flat or apartment,Fourth,Male,IT,3,3,2,3,4,3,Medium,0,0,1
374,Bhaktapur,Living with family at home,Fourth,Female,Computer,3,2,2,2,3,2.4,High,1,0,0
375,Kavrepalanchok,Living with family at home,Second,Male,IT,4,4,4,4,4,4,Low,0,1,0
376,Kavrepalanchok,Rented room,First,Male,Computer,5,5,5,5,3,4.6,Low,0,1,0
377,Lalitpur,Living with family at home,First,Male,IT,4,4,4,4,1,3.4,Medium,0,0,1
378,Tanahun,Living with family at home,First,Male,IT,2,3,3,3,5,3.2,Medium,0,0,1
379,Sarlahi,Living with family at home,First,Male,Computer,3,3,3,2,2,2.6,Medium,0,0,1
380,Bhaktapur,Living with family at home,Fourth,Male,Computer,5,5,5,5,5,5,Low,0,1,0
381,Siraha,Rented room,First,Male,IT,5,3,2,1,1,2.4,High,1,0,0
382,Tanahun,Living with family at home,First,Male,IT,5,4,4,4,4,4.2,Low,0,1,0
383,Morang,Hostel,First,Male,IT,4,4,2,1,5,3.2,Medium,0,0,1
384,Lalitpur,Rented flat or apartment,Fourth,Male,Computer,2,2,2,3,3,2.4,High,1,0,0
385,Palpa,Living with relatives or guardians,Fourth,Female,Computer,4,4,3,3,4,3.6,Low,0,1,0
386,Mahottari,Hostel,Fourth,Female,Computer,2,3,3,4,5,3.4,Medium,0,0,1
387,Sankhuwasabha,Living with family at home,Fourth,Female,Computer,3,4,3,4,3,3.4,Medium,0,0,1
388,Sunsari,Rented room,Fourth,Female,Computer,5,4,3,3,4,3.8,Low,0,1,0
389,Nawalparasi,Rented flat or apartment,Fourth,Female,Computer,1,3,2,1,2,1.8,High,1,0,0
390,Ilam,Hostel,Fourth,Male,Computer,2,2,4,3,3,2.8,Medium,0,0,1
391,Bhaktapur,Living with family at home,Fourth,Male,Computer,2,2,3,2,3,2.4,High,1,0,0
392,Kathmandu,Living with family at home,First,Male,IT,3,4,2,3,4,3.2,Medium,0,0,1
393,Kailali,Rented room,First,Male,IT,2,2,2,3,2,2.2,High,1,0,0
394,Rautahat,Rented flat or apartment,First,Male,IT,3,2,1,3,3,2.4,High,1,0,0
395,Banke,Rented room,First,Female,IT,1,1,1,1,1,1,High,1,0,0
396,Dang,Rented room,First,Female,IT,3,3,3,3,3,3,Medium,0,0,1
397,Dhading,Living with family at home,First,Female,Computer,2,4,2,1,3,2.4,High,1,0,0
398,Lalitpur,Living with family at home,First,Male,Computer,4,4,4,4,3,3.8,Low,0,1,0
399,Jhapa,Hostel,First,Female,Computer,5,4,3,4,3,3.8,Low,0,1,0
400,Kathmandu,Living with family at home,Fourth,Male,Computer,2,2,2,3,3,2.4,High,1,0,0
401,Nawalparasi,Hostel,Fourth,Female,Computer,3,2,3,2,2,2.4,High,1,0,0
402,Pyuthan,Rented room,Fourth,Male,Computer,5,1,3,5,2,3.2,Medium,0,0,1
403,Kailali,Rented room,First,Male,Computer,4,2,5,5,5,4.2,Low,0,1,0
404,Bhaktapur,Living with family at home,First,Female,Computer,3,4,2,4,3,3.2,Medium,0,0,1
405,Bhaktapur,Living with family at home,Fourth,Male,IT,5,5,5,5,5,5,Low,0,1,0
406,Chitwan,Living with relatives or guardians,Fourth,Male,Computer,2,4,2,4,3,3,Medium,0,0,1
407,Gorkha,Living with family at home,Fourth,Male,Computer,3,2,1,4,4,2.8,Medium,0,0,1
408,Mahottari,Rented room,Fourth,Male,Computer,2,3,2,2,2,2.2,High,1,0,0
409,Ilam,Rented flat or apartment,Fourth,Male,Computer,5,3,2,2,2,2.8,Medium,0,0,1
410,Kathmandu,Living with family at home,Fourth,Male,Computer,5,5,5,5,1,4.2,Low,0,1,0
411,Nuwakot,Living with relatives or guardians,Fourth,Male,Computer,5,4,4,4,3,4,Low,0,1,0
412,Gulmi,Rented room,Fourth,Male,Computer,3,3,3,4,4,3.4,Medium,0,0,1
413,Morang,Hostel,Fourth,Male,Computer,5,5,3,5,5,4.6,Low,0,1,0
414,Palpa,Living with family at home,Fourth,Male,Computer,4,4,2,3,3,3.2,Medium,0,0,1
415,Gorkha,Living with family at home,Fourth,Male,Computer,2,3,3,3,3,2.8,Medium,0,0,1
416,Syangja,Rented room,Fourth,Male,Computer,4,4,4,4,3,3.8,Low,0,1,0
417,Lalitpur,Living with family at home,First,Male,Computer,2,3,2,2,3,2.4,High,1,0,0
418,Bhaktapur,Living with family at home,First,Male,Computer,5,4,4,3,4,4,Low,0,1,0
419,Lalitpur,Living with family at home,First,Female,Computer,2,5,4,2,2,3,Medium,0,0,1
420,Lalitpur,Living with family at home,First,Female,Computer,5,4,2,4,4,3.8,Low,0,1,0
421,Bhaktapur,Living with family at home,First,Male,Computer,5,1,1,3,1,2.2,High,1,0,0
422,Dhanusha,Rented room,First,Male,Computer,2,2,3,3,4,2.8,Medium,0,0,1
423,Kathmandu,Rented room,First,Male,Computer,4,3,4,4,4,3.8,Low,0,1,0
424,Lalitpur,Living with family at home,First,Male,Computer,3,4,2,3,2,2.8,Medium,0,0,1
425,Sarlahi,Hostel,First,Male,Computer,4,4,1,4,5,3.6,Low,0,1,0
426,Lalitpur,Living with family at home,First,Male,Computer,4,4,1,4,2,3,Medium,0,0,1
427,Kaski,Living with family at home,First,Female,Computer,1,2,3,5,2,2.6,Medium,0,0,1
428,Chitwan,Rented room,First,Male,Computer,3,4,2,3,3,3,Medium,0,0,1
429,Jhapa,Living with family at home,First,Male,Computer,3,2,3,1,2,2.2,High,1,0,0
430,Lamjung,Hostel,First,Male,Computer,2,5,3,5,5,4,Low,0,1,0
431,Kathmandu,Living with family at home,First,Male,IT,4,3,2,2,4,3,Medium,0,0,1
432,Lalitpur,Living with family at home,First,Male,Computer,4,3,2,2,4,3,Medium,0,0,1
433,Kailali,Rented flat or apartment,First,Male,Computer,5,5,4,4,4,4.4,Low,0,1,0
434,Dolakha,Living with family at home,First,Male,Computer,3,3,3,5,5,3.8,Low,0,1,0
435,Baglung,Rented room,First,Male,Computer,5,3,4,3,2,3.4,Medium,0,0,1
436,Saptari,Rented flat or apartment,First,Male,Computer,4,5,3,2,5,3.8,Low,0,1,0
437,Rupandehi,Rented flat or apartment,First,Male,Computer,1,4,3,4,3,3,Medium,0,0,1
438,Pyuthan,Rented flat or apartment,First,Male,Computer,2,2,3,5,5,3.4,Medium,0,0,1
439,Jhapa,Hostel,Second,Female,Computer,2,1,3,4,2,2.4,High,1,0,0
440,Dhanusha,Rented flat or apartment,First,Female,Computer,3,2,4,3,3,3,Medium,0,0,1
441,Baglung,Living with family at home,Second,Male,Computer,3,4,5,3,4,3.8,Low,0,1,0
442,Kathmandu,Living with family at home,First,Male,Computer,4,5,5,5,5,4.8,Low,0,1,0
443,Kanchanpur,Rented room,First,Male,Computer,4,5,2,2,3,3.2,Medium,0,0,1
444,Kanchanpur,Rented room,First,Male,Computer,4,5,2,2,3,3.2,Medium,0,0,1
445,Makawanpur,Living with relatives or guardians,First,Male,Computer,2,2,2,2,1,1.8,High,1,0,0
446,Kathmandu,Living with family at home,First,Male,Computer,5,4,4,3,3,3.8,Low,0,1,0
447,Dang,Rented flat or apartment,Second,Male,Computer,3,4,2,2,4,3,Medium,0,0,1
448,Kanchanpur,Rented room,Second,Male,Computer,2,4,1,2,3,2.4,High,1,0,0
449,Saptari,Rented room,Fourth,Male,Computer,3,5,2,5,2,3.4,Medium,0,0,1
450,Syangja,Rented flat or apartment,Fourth,Male,Computer,3,4,3,5,4,3.8,Low,0,1,0
451,Dhading,Rented room,Fourth,Male,Computer,4,3,2,2,3,2.8,Medium,0,0,1
452,Pyuthan,Rented flat or apartment,Second,Male,Computer,3,4,2,4,3,3.2,Medium,0,0,1
453,Makawanpur,Living with relatives or guardians,Fourth,Male,Computer,3,4,3,2,3,3,Medium,0,0,1
454,Saptari,Living with family at home,First,Female,IT,4,5,1,4,4,3.6,Low,0,1,0
455,Saptari,Hostel,Fourth,Female,Computer,3,2,3,1,2,2.2,High,1,0,0
456,Kavrepalanchok,Living with family at home,Fourth,Male,IT,3,4,2,3,3,3,Medium,0,0,1
457,Kathmandu,Living with family at home,Fourth,Male,Computer,5,5,5,4,2,4.2,Low,0,1,0
458,Rautahat,Rented flat or apartment,Fourth,Female,IT,3,3,4,4,2,3.2,Medium,0,0,1
459,Kaski,Rented room,Fourth,Female,Computer,3,3,2,3,2,2.6,Medium,0,0,1
460,Udayapur,Rented room,First,Male,Computer,5,2,3,4,2,3.2,Medium,0,0,1
461,Kathmandu,Living with family at home,Fourth,Male,Computer,5,5,5,4,2,4.2,Low,0,1,0
462,Saptari,Living with family at home,Third,Female,Computer,5,5,3,2,1,3.2,Medium,0,0,1
463,Lalitpur,Living with family at home,Third,Female,Computer,2,4,3,1,2,2.4,High,1,0,0
464,Lalitpur,Living with family at home,Third,Female,Computer,2,1,2,4,3,2.4,High,1,0,0
465,Kathmandu,Living with family at home,First,Female,IT,5,4,2,4,4,3.8,Low,0,1,0
466,Dang,Hostel,Fourth,Male,IT,2,4,3,3,5,3.4,Medium,0,0,1
467,Saptari,Rented room,Fourth,Male,IT,2,4,1,4,2,2.6,Medium,0,0,1
468,Sindhupalchok,Living with family at home,Fourth,Male,IT,2,1,2,2,4,2.2,High,1,0,0
469,Siraha,Rented room,Fourth,Male,Computer,3,5,1,3,4,3.2,Medium,0,0,1
470,Kathmandu,Living with family at home,Fourth,Female,IT,5,5,5,2,5,4.4,Low,0,1,0
471,Saptari,Rented room,Fourth,Male,Computer,3,4,1,1,2,2.2,High,1,0,0
472,Dhading,Rented room,Fourth,Male,Computer,2,5,2,5,3,3.4,Medium,0,0,1
473,Dhanusha,Rented room,Fourth,Male,Computer,2,4,2,4,2,2.8,Medium,0,0,1
